src,trg
data/synth2d/train/V_square_source1.png,data/synth2d/train/V_square_target1.png
data/synth2d/train/V_square_source10.png,data/synth2d/train/V_square_target10.png
data/synth2d/train/V_square_source100.png,data/synth2d/train/V_square_target100.png
data/synth2d/train/V_square_source11.png,data/synth2d/train/V_square_target11.png
data/synth2d/train/V_square_source12.png,data/synth2d/train/V_square_target12.png
data/synth2d/train/V_square_source13.png,data/synth2d/train/V_square_target13.png
data/synth2d/train/V_square_source14.png,data/synth2d/train/V_square_target14.png
data/synth2d/train/V_square_source15.png,data/synth2d/train/V_square_target15.png
data/synth2d/train/V_square_source16.png,data/synth2d/train/V_square_target16.png
data/synth2d/train/V_square_source17.png,data/synth2d/train/V_square_target17.png
data/synth2d/train/V_square_source18.png,data/synth2d/train/V_square_target18.png
data/synth2d/train/V_square_source19.png,data/synth2d/train/V_square_target19.png
data/synth2d/train/V_square_source2.png,data/synth2d/train/V_square_target2.png
data/synth2d/train/V_square_source20.png,data/synth2d/train/V_square_target20.png
data/synth2d/train/V_square_source21.png,data/synth2d/train/V_square_target21.png
data/synth2d/train/V_square_source22.png,data/synth2d/train/V_square_target22.png
data/synth2d/train/V_square_source23.png,data/synth2d/train/V_square_target23.png
data/synth2d/train/V_square_source24.png,data/synth2d/train/V_square_target24.png
data/synth2d/train/V_square_source25.png,data/synth2d/train/V_square_target25.png
data/synth2d/train/V_square_source26.png,data/synth2d/train/V_square_target26.png
data/synth2d/train/V_square_source27.png,data/synth2d/train/V_square_target27.png
data/synth2d/train/V_square_source28.png,data/synth2d/train/V_square_target28.png
data/synth2d/train/V_square_source29.png,data/synth2d/train/V_square_target29.png
data/synth2d/train/V_square_source3.png,data/synth2d/train/V_square_target3.png
data/synth2d/train/V_square_source30.png,data/synth2d/train/V_square_target30.png
data/synth2d/train/V_square_source31.png,data/synth2d/train/V_square_target31.png
data/synth2d/train/V_square_source32.png,data/synth2d/train/V_square_target32.png
data/synth2d/train/V_square_source33.png,data/synth2d/train/V_square_target33.png
data/synth2d/train/V_square_source34.png,data/synth2d/train/V_square_target34.png
data/synth2d/train/V_square_source35.png,data/synth2d/train/V_square_target35.png
data/synth2d/train/V_square_source36.png,data/synth2d/train/V_square_target36.png
data/synth2d/train/V_square_source37.png,data/synth2d/train/V_square_target37.png
data/synth2d/train/V_square_source38.png,data/synth2d/train/V_square_target38.png
data/synth2d/train/V_square_source39.png,data/synth2d/train/V_square_target39.png
data/synth2d/train/V_square_source4.png,data/synth2d/train/V_square_target4.png
data/synth2d/train/V_square_source40.png,data/synth2d/train/V_square_target40.png
data/synth2d/train/V_square_source41.png,data/synth2d/train/V_square_target41.png
data/synth2d/train/V_square_source42.png,data/synth2d/train/V_square_target42.png
data/synth2d/train/V_square_source43.png,data/synth2d/train/V_square_target43.png
data/synth2d/train/V_square_source44.png,data/synth2d/train/V_square_target44.png
data/synth2d/train/V_square_source45.png,data/synth2d/train/V_square_target45.png
data/synth2d/train/V_square_source46.png,data/synth2d/train/V_square_target46.png
data/synth2d/train/V_square_source47.png,data/synth2d/train/V_square_target47.png
data/synth2d/train/V_square_source48.png,data/synth2d/train/V_square_target48.png
data/synth2d/train/V_square_source49.png,data/synth2d/train/V_square_target49.png
data/synth2d/train/V_square_source5.png,data/synth2d/train/V_square_target5.png
data/synth2d/train/V_square_source50.png,data/synth2d/train/V_square_target50.png
data/synth2d/train/V_square_source51.png,data/synth2d/train/V_square_target51.png
data/synth2d/train/V_square_source52.png,data/synth2d/train/V_square_target52.png
data/synth2d/train/V_square_source53.png,data/synth2d/train/V_square_target53.png
data/synth2d/train/V_square_source54.png,data/synth2d/train/V_square_target54.png
data/synth2d/train/V_square_source55.png,data/synth2d/train/V_square_target55.png
data/synth2d/train/V_square_source56.png,data/synth2d/train/V_square_target56.png
data/synth2d/train/V_square_source57.png,data/synth2d/train/V_square_target57.png
data/synth2d/train/V_square_source58.png,data/synth2d/train/V_square_target58.png
data/synth2d/train/V_square_source59.png,data/synth2d/train/V_square_target59.png
data/synth2d/train/V_square_source6.png,data/synth2d/train/V_square_target6.png
data/synth2d/train/V_square_source60.png,data/synth2d/train/V_square_target60.png
data/synth2d/train/V_square_source61.png,data/synth2d/train/V_square_target61.png
data/synth2d/train/V_square_source62.png,data/synth2d/train/V_square_target62.png
data/synth2d/train/V_square_source63.png,data/synth2d/train/V_square_target63.png
data/synth2d/train/V_square_source64.png,data/synth2d/train/V_square_target64.png
data/synth2d/train/V_square_source65.png,data/synth2d/train/V_square_target65.png
data/synth2d/train/V_square_source66.png,data/synth2d/train/V_square_target66.png
data/synth2d/train/V_square_source67.png,data/synth2d/train/V_square_target67.png
data/synth2d/train/V_square_source68.png,data/synth2d/train/V_square_target68.png
data/synth2d/train/V_square_source69.png,data/synth2d/train/V_square_target69.png
data/synth2d/train/V_square_source7.png,data/synth2d/train/V_square_target7.png
data/synth2d/train/V_square_source70.png,data/synth2d/train/V_square_target70.png
data/synth2d/train/V_square_source71.png,data/synth2d/train/V_square_target71.png
data/synth2d/train/V_square_source72.png,data/synth2d/train/V_square_target72.png
data/synth2d/train/V_square_source73.png,data/synth2d/train/V_square_target73.png
data/synth2d/train/V_square_source74.png,data/synth2d/train/V_square_target74.png
data/synth2d/train/V_square_source75.png,data/synth2d/train/V_square_target75.png
data/synth2d/train/V_square_source76.png,data/synth2d/train/V_square_target76.png
data/synth2d/train/V_square_source77.png,data/synth2d/train/V_square_target77.png
data/synth2d/train/V_square_source78.png,data/synth2d/train/V_square_target78.png
data/synth2d/train/V_square_source79.png,data/synth2d/train/V_square_target79.png
data/synth2d/train/V_square_source8.png,data/synth2d/train/V_square_target8.png
data/synth2d/train/V_square_source80.png,data/synth2d/train/V_square_target80.png
data/synth2d/train/V_square_source81.png,data/synth2d/train/V_square_target81.png
data/synth2d/train/V_square_source82.png,data/synth2d/train/V_square_target82.png
data/synth2d/train/V_square_source83.png,data/synth2d/train/V_square_target83.png
data/synth2d/train/V_square_source84.png,data/synth2d/train/V_square_target84.png
data/synth2d/train/V_square_source85.png,data/synth2d/train/V_square_target85.png
data/synth2d/train/V_square_source86.png,data/synth2d/train/V_square_target86.png
data/synth2d/train/V_square_source87.png,data/synth2d/train/V_square_target87.png
data/synth2d/train/V_square_source88.png,data/synth2d/train/V_square_target88.png
data/synth2d/train/V_square_source89.png,data/synth2d/train/V_square_target89.png
data/synth2d/train/V_square_source9.png,data/synth2d/train/V_square_target9.png
data/synth2d/train/V_square_source90.png,data/synth2d/train/V_square_target90.png
data/synth2d/train/V_square_source91.png,data/synth2d/train/V_square_target91.png
data/synth2d/train/V_square_source92.png,data/synth2d/train/V_square_target92.png
data/synth2d/train/V_square_source93.png,data/synth2d/train/V_square_target93.png
data/synth2d/train/V_square_source94.png,data/synth2d/train/V_square_target94.png
data/synth2d/train/V_square_source95.png,data/synth2d/train/V_square_target95.png
data/synth2d/train/V_square_source96.png,data/synth2d/train/V_square_target96.png
data/synth2d/train/V_square_source97.png,data/synth2d/train/V_square_target97.png
data/synth2d/train/V_square_source98.png,data/synth2d/train/V_square_target98.png
data/synth2d/train/V_square_source99.png,data/synth2d/train/V_square_target99.png
